1000,Participant ID,PartID,,,
1010,Participant Name,PartName,,,
1020,Time Frame of Data Submission,Timeframe,,,
1040,Transmission Number,XmsnId,,,
1050,Vendor Identifier,VendorId,,,
1060,Vendor Software Version,VendorVer,,,
1070,Registry Identifier,RegistryId,CathNCDRDataDictionary_Log,RegistryID,
1080,Registry Version,RegistryVer,Hospitalization,IMPACTDataVrsn,
1085,Submission Type,SubmissionType,,,
1200,Auxiliary 0,Aux0,,,
2000,Last Name,LastName,Demographics,PatLName,",Demographics.PatLName"
2010,First Name,FirstName,Demographics,PatFName,",Demographics.PatFName"
2020,Middle Name,MidName,Demographics,PatMName,",Demographics.PatMName"
2030,SSN,SSN,Demographics,SSN,",Demographics.SSN"
2031,SSN N/A,SSNNA,Demographics,SSNNA,",Demographics.SSNNA"
2040,Patient ID,NCDRPatientID,Demographics,PatID,",Demographics.PatID"
2045,Other ID,OtherID,OtherMRN,MedRecNum2,",OtherMRN.MedRecNum2"
2050,Birth Date,DOB,Demographics,DOB,",Demographics.DOB"
2060,Sex,Sex,Demographics,Gender,",Demographics.Gender"
2070,Race - White,RaceWhite,Demographics,RaceCaucasian,",Demographics.RaceCaucasian"
2071,Race - Black or African American,RaceBlack,Demographics,RaceBlack,",Demographics.RaceBlack"
2072,Race - Asian,RaceAsian,Demographics,RaceAsian,",Demographics.RaceAsian"
2073,Race - American Indian or Alaskan Native,RaceAmIndian,Demographics,RaceNativeAm,",Demographics.RaceNativeAm"
2074,Race - Native Hawaiian or Pacific Islander,RaceNatHaw,Demographics,RaceNativePacific,",Demographics.RaceNativePacific"
2076,Hispanic or Latino Ethnicity,HispOrig,Demographics,Ethnicity,",Demographics.Ethnicity"
2080,Race - Asian Indian,RaceAsianIndian,Demographics,RaceAsianIndian,",Demographics.RaceAsianIndian"
2081,Race - Chinese,RaceChinese,Demographics,RaceChinese,",Demographics.RaceChinese"
2082,Race - Filipino,RaceFilipino,Demographics,RaceFilipino,",Demographics.RaceFilipino"
2083,Race - Japanese,RaceJapanese,Demographics,RaceJapanese,",Demographics.RaceJapanese"
2084,Race - Korean,RaceKorean,Demographics,RaceKorean,",Demographics.RaceKorean"
2085,Race - Vietnamese,RaceVietnamese,Demographics,RaceVietnamese,",Demographics.RaceVietnamese"
2086,Race - Other Asian,RaceAsianOther,Demographics,RaceAsianOther,",Demographics.RaceAsianOther"
2090,Race - Native Hawaiian,RaceNativeHawaii,Demographics,RaceNativeHawaii,",Demographics.RaceNativeHawaii"
2091,Race - Guamanian or Chamorro,RaceGuamChamorro,Demographics,RaceGuamChamorro,",Demographics.RaceGuamChamorro"
2092,Race - Samoan,RaceSamoan,Demographics,RaceSamoan,",Demographics.RaceSamoan"
2093,Race - Other Pacific Islander,RacePacificIslandOther,Demographics,RacePacificIslandOther,",Demographics.RacePacificIslandOther"
2100,Hispanic Ethnicity Type - Mexican/Mexican American/Chicano,HispEthnicityMexican,Demographics,HispEthnicityMexican,",Demographics.HispEthnicityMexican"
2101,Hispanic Ethnicity Type - Puerto Rican,HispEthnicityPuertoRico,Demographics,HispEthnicityPuertoRico,",Demographics.HispEthnicityPuertoRico"
2102,Hispanic Ethnicity Type - Cuban,HispEthnicityCuban,Demographics,HispEthnicityCuban,",Demographics.HispEthnicityCuban"
2103,Hispanic Ethnicity Type - Other Hispanic/Latino/Spanish Origin,HispEthnicityOtherOrigin,Demographics,HispEthnicityOtherOrigin,",Demographics.HispEthnicityOtherOrigin"
2500,Auxiliary 1,Aux1,Demographics,Aux1,",Demographics.Aux1"
2501,Auxiliary 2,Aux2,Demographics,Aux2,",Demographics.Aux2"
3000,Arrival Date,ArrivalDate,Hospitalization,AdmitDt,",Hospitalization.AdmitDt"
3005,Patient Zip Code,ZipCode,Hospitalization,ZipCode,",Hospitalization.ZipCode"
3006,Zip Code N/A,ZipCodeNA,Hospitalization,ZipCodeNA,",Hospitalization.ZipCodeNA"
3020,Insurance Payors - Private Health Insurance,InsPrivate,Hospitalization,PayorCom,",Hospitalization.PayorCom"
3021,Insurance Payors - Medicare,InsMedicare,Hospitalization,PayorGovMCare,",Hospitalization.PayorGovMCare"
3022,Insurance Payors - Medicaid,InsMedicaid,Hospitalization,PayorGovMCaid,",Hospitalization.PayorGovMCaid"
3023,Insurance Payors - Military Health Care,InsMilitary,Hospitalization,PayorGovMil,",Hospitalization.PayorGovMil"
3024,Insurance Payors - State-Specific Plan (Non Medicaid),InsState,Hospitalization,PayorGovState,",Hospitalization.PayorGovState"
3025,Insurance Payors - Indian Health Service,InsIHS,Hospitalization,PayorGovIHS,",Hospitalization.PayorGovIHS"
3026,Insurance Payors - Non-US Insurance,InsNonUS,Hospitalization,PayorNonUS,",Hospitalization.PayorNonUS"
3027,Insurance Payors - None,InsNone,Hospitalization,PayorNS,",Hospitalization.PayorNS"
3030,Health Insurance Claim Number (HIC),HIC,Hospitalization,HICNumber,",Hospitalization.HICNumber"
3031,Fundamental Diagnosis Code,FundamentalDxCode,PatAnatomy,FundDiag,",PatAnatomy.FundDiag"
3045,Prior Cardiac Catheterization,PriorCath,Hospitalization,PriorCath,",Hospitalization.PriorCath"
3050,Number of Prior Cardiac Catheterizations,NumPriorCath,Hospitalization,NumPriorCath,",Hospitalization.NumPriorCath"
3055,Date of Last Catheterization,LastCathDate,Hospitalization,LastCathDate,",Hospitalization.LastCathDate"
3060,Most Recent Catheterization Procedure ID,MostRecCathProcID,CathPriorCathProc,MostRecCathProcID,",CathPriorCathProc.MostRecCathProcID"
3060,ProcedureLookupCombo,ProcedureLookupCombo,CathPriorCathProc,,",CathPriorCathProc."
3065,Premature Birth,PreBirth,PatAnatomy,Premature,",PatAnatomy.Premature"
3070,Birth Weight,BirthWeight,PatAnatomy,BirthWtKg,",PatAnatomy.BirthWtKg"
3075,Gestational Age,GestAge,PatAnatomy,GestAgeWeeks,",PatAnatomy.GestAgeWeeks"
3080,Prior Cardiac Surgery,PriorSurg,Hospitalization,PriorSurg,",Hospitalization.PriorSurg"
3085,Number of Prior Cardiac Surgeries,NumPrevCardSurg,Hospitalization,NumPrevCardSurg,",Hospitalization.NumPrevCardSurg"
3090,Date of Last Cardiac Surgery,LastCardSurgDate,Hospitalization,LastCardSurgDate,",Hospitalization.LastCardSurgDate"
3095,Most Recent Cardiac Surgery ID,MostRecCardSurgID,CathPriorSurgProc,MostRecCardSurgID,",CathPriorSurgProc.MostRecCardSurgID"
3095,SurgeryIDLookupCombo,SurgeryIDLookupCombo,CathPriorSurgProc,,",CathPriorSurgProc."
3096,Patient Enrolled in Research Study,EnrolledStudy,Hospitalization,EnrolledStudy,",Hospitalization.EnrolledStudy"
3097,Research Study Name,StudyName,,,",."
3098,Research Study Patient ID ,StudyPtID,,,",."
3099,Patient Restriction,PtRestriction,Hospitalization,PtRestriction,",Hospitalization.PtRestriction"
3100,22q11 Deletion (DiGeorge Syndrome),DiGeorgeSynd,CathPatAnatomy,DiGeorgeSynd,",CathPatAnatomy.DiGeorgeSynd"
3105,Alagille Syndrome,AlagilleSynd,CathPatAnatomy,AlagilleSynd,",CathPatAnatomy.AlagilleSynd"
3110,Congenital Diaphragmatic Hernia,Hernia,CathPatAnatomy,Hernia,",CathPatAnatomy.Hernia"
3115,Down Syndrome,DownSynd,CathPatAnatomy,DownSynd,",CathPatAnatomy.DownSynd"
3120,Heterotaxy,Heterotaxy,CathPatAnatomy,Heterotaxy,",CathPatAnatomy.Heterotaxy"
3125,Marfan Syndrome,MarfanSynd,CathPatAnatomy,MarfanSynd,",CathPatAnatomy.MarfanSynd"
3130,Noonan Syndrome,NoonanSynd,CathPatAnatomy,NoonanSynd,",CathPatAnatomy.NoonanSynd"
3135,Rubella,Rubella,CathPatAnatomy,Rubella,",CathPatAnatomy.Rubella"
3140,Trisomy-13,Trisomy13,CathPatAnatomy,Trisomy13,",CathPatAnatomy.Trisomy13"
3145,Trisomy-18,Trisomy18,CathPatAnatomy,Trisomy18,",CathPatAnatomy.Trisomy18"
3150,Turner Syndrome,TurnerSynd,CathPatAnatomy,TurnerSynd,",CathPatAnatomy.TurnerSynd"
3155,Williams-Beuren Syndrome,WilliamsBeurenSynd,CathPatAnatomy,WilliamsBeurenSynd,",CathPatAnatomy.WilliamsBeurenSynd"
3160,Arrhythmia,Arrhythmia,CathHistory,Arrhythmia,",CathHistory.Arrhythmia"
3161,Arrhythmia History,ArrhythmiaHx,CathArrhythmiaHistory,ArrhythmiaHx,",CathArrhythmiaHistory.ArrhythmiaHx"
3170,Cardiomyopathy,PriorCM,CathHistory,PriorCM,",CathHistory.PriorCM"
3175,Cardiomyopathy History,PriorCMHx,CathHistory,PriorCMHx,",CathHistory.PriorCMHx"
3200,Chronic Lung Disease,ChronicLungDisease,CathHistory,ChronicLungDisease,",CathHistory.ChronicLungDisease"
3200,Chronic Lung Disease,ChronicLungDisease,CathHistory,ChronicLungDisease,",CathHistory.ChronicLungDisease"
3205,Coagulation Disorder,CoagDisorder,CathHistory,CoagDisorder,",CathHistory.CoagDisorder"
3205,Coagulation Disorder,CoagDisorder,CathHistory,CoagDisorder,",CathHistory.CoagDisorder"
3210,Hypercoagulable State,HyperCoag,CathHistory,HyperCoag,",CathHistory.HyperCoag"
3210,Hypercoagulable State,HyperCoag,CathHistory,HyperCoag,",CathHistory.HyperCoag"
3215,Hypocoagulable State,HypoCoag,CathHistory,HypoCoag,",CathHistory.HypoCoag"
3215,Hypocoagulable State,HypoCoag,CathHistory,HypoCoag,",CathHistory.HypoCoag"
3220,Diabetes Mellitus,Diabetes,CathHistory,Diabetes,",CathHistory.Diabetes"
3220,Diabetes Mellitus,Diabetes,CathHistory,Diabetes,",CathHistory.Diabetes"
3221,Endocarditis,Endocarditis,CathHistory,Endocarditis,",CathHistory.Endocarditis"
3222,Heart Failure,HF,CathHistory,HF,",CathHistory.HF"
3223,New York Heart Association (NYHA) Functional Classification,NYHA,CathHistory,NYHA,",CathHistory.NYHA"
3224,Heart Transplant,HeartTransplant,CathHistory,HeartTransplant,",CathHistory.HeartTransplant"
3225,Hepatic Disease,HepaticDisease,CathHistory,HepaticDisease,",CathHistory.HepaticDisease"
3225,Hepatic Disease,HepaticDisease,CathHistory,HepaticDisease,",CathHistory.HepaticDisease"
3226,Ischemic Heart Disease,IschemicHD,CathHistory,IschemicHD,",CathHistory.IschemicHD"
3227,Kawasaki Disease,KawasakiDisease,CathHistory,KawasakiDisease,",CathHistory.KawasakiDisease"
3230,Renal Insufficiency,RenalInsuff,CathHistory,RenalInsuff,",CathHistory.RenalInsuff"
3230,Renal Insufficiency,RenalInsuff,CathHistory,RenalInsuff,",CathHistory.RenalInsuff"
3231,Rheumatic Heart Disease,RheumaticHD,CathHistory,RheumaticHD,",CathHistory.RheumaticHD"
3235,Seizure Disorder,Seizures,CathHistory,Seizures,",CathHistory.Seizures"
3235,Seizure Disorder,Seizures,CathHistory,Seizures,",CathHistory.Seizures"
3240,Sickle Cell Anemia,SickleCell,CathHistory,SickleCell,",CathHistory.SickleCell"
3240,Sickle Cell Anemia,SickleCell,CathHistory,SickleCell,",CathHistory.SickleCell"
3250,Stroke,PriorStroke,CathHistory,PriorStroke,",CathHistory.PriorStroke"
3250,Stroke,PriorStroke,CathHistory,PriorStroke,",CathHistory.PriorStroke"
3260,Auxiliary 3,Aux3,Hospitalization,Aux3,",Hospitalization.Aux3"
3260,Auxiliary 3,Aux3,Hospitalization,Aux3,",Hospitalization.Aux3"
3270,Auxiliary 4,Aux4,Hospitalization,Aux4,",Hospitalization.Aux4"
4000,Pre-Procedure Diagnosis Code,PreProcCardDiagID,CathDiagnosis,PreProcCardDiagID,",CathDiagnosis.PreProcCardDiagID"
4000,Pre-Procedure Diagnosis Code,PreProcCardDiagID,CathDiagnosis,PreProcCardDiagID,",CathDiagnosis.PreProcCardDiagID"
4005,Height,Height,CathData,Height,",CathData.Height"
4010,Weight,Weight,CathData,Weight,",CathData.Weight"
4015,Pre-Procedure Hemoglobin,PreProcHgb,CathData,PreProcHgb,",CathData.PreProcHgb"
4016,Pre-Procedure Hemoglobin Not Drawn,PreProcHgbND,CathData,PreProcHgbND,",CathData.PreProcHgbND"
4020,Pre-Procedure Creatinine,PreProcCreat,CathData,PreProcCreat,",CathData.PreProcCreat"
4021,Pre-Procedure Creatinine Not Drawn,PreProcCreatND,CathData,PreProcCreatND,",CathData.PreProcCreatND"
4025,Pre-Procedure O2 Saturation,PreProcO2,CathData,PreProcO2,",CathData.PreProcO2"
4026,Single Ventricle,SVDefect,CathData,SVDefect,",CathData.SVDefect"
4030,Necrotizing Enterocolitis,NEC,CathData,NEC,",CathData.NEC"
4035,Sepsis,Sepsis,CathData,Sepsis,",CathData.Sepsis"
4040,Pregnant,Preg,CathData,Preg,",CathData.Preg"
4041,Pre-Procedure Medications,PreProcMed,CathData,PreProcMed,",CathData.PreProcMed"
4045,Pre-Procedure Antiarrhythmics,PreProcAntiarr,CathData,PreProcAntiarr,",CathData.PreProcAntiarr"
4046,Pre-Procedure Anticoagulants,PreProcAnticoag,CathData,PreProcAnticoag,",CathData.PreProcAnticoag"
4047,Pre-Procedure Antihypertensives,PreProcAntihyp,CathData,PreProcAntihyp,",CathData.PreProcAntihyp"
4048,Pre-Procedure Antiplatelets,PreProcAntiplatelet,CathData,PreProcAntiplatelet,",CathData.PreProcAntiplatelet"
4049,Pre-Procedure Beta Blockers,PreProcBB,CathData,PreProcBB,",CathData.PreProcBB"
4050,Pre-Procedure Diuretics,PreProcDiuretic,CathData,PreProcDiuretic,",CathData.PreProcDiuretic"
4051,Pre-Procedure Prostaglandins,PreProcProsta,CathData,PreProcProsta,",CathData.PreProcProsta"
4053,Pre-Procedure Vasodilators,PreProcVaso,CathData,PreProcVaso,",CathData.PreProcVaso"
4060,Pre-Procedure Sinus Rhythm,PreProcSinus,CathData,PreProcSinus,",CathData.PreProcSinus"
4061,Pre-Procedure Atrial Ectopic Tachycardia (AET),PreProcAET,CathData,PreProcAET,",CathData.PreProcAET"
4062,Pre-Procedure Supraventricular Tachycardia (SVT),PreProcSVT,CathData,PreProcSVT,",CathData.PreProcSVT"
4063,Pre-Procedure AFib/Flutter,PreProcAfib,CathData,PreProcAfib,",CathData.PreProcAfib"
4064,Pre-Procedure Junctional Rhythm,PreProcJunct,CathData,PreProcJunct,",CathData.PreProcJunct"
4065,Pre-Procedure Idioventricular Rhythm,PreProcIdio,CathData,PreProcIdio,",CathData.PreProcIdio"
4066,Pre-Procedure Second Degree AV Block,PreProcAVB2,CathData,PreProcAVB2,",CathData.PreProcAVB2"
4067,Pre-Procedure Third Degree AV Block,PreProcAVB3,CathData,PreProcAVB3,",CathData.PreProcAVB3"
4068,Pre-Procedure Paced,PreProcPaced,CathData,PreProcPaced,",CathData.PreProcPaced"
4100,Auxiliary 5,Aux5,CathData,Aux5,",CathData.Aux5"
4105,Auxiliary 6,Aux6,CathData,Aux6,",CathData.Aux6"
5000,Procedure - Diagnostic Cath,ProcDxCath,CathData,ProcDxCath,",CathData.ProcDxCath"
5001,Procedure - Atrial Septal Defect (ASD) Closure,ProcASD,CathData,ProcASD,",CathData.ProcASD"
5002,Procedure - Aortic Coarctation Procedure,ProcCoarc,CathData,ProcCoarc,",CathData.ProcCoarc"
5003,Procedure - Aortic Valvuloplasty,ProcAorticValv,CathData,ProcAorticValv,",CathData.ProcAorticValv"
5004,Procedure - Pulmonary Valvuloplasty,ProcPulmonaryValv,CathData,ProcPulmonaryValv,",CathData.ProcPulmonaryValv"
5005,Procedure - PDA Closure,ProcPDA,CathData,ProcPDA,",CathData.ProcPDA"
5006,Procedure - Proximal PA Stenting,ProcProxPAStent,CathData,ProcProxPAStent,",CathData.ProcProxPAStent"
5007,Procedure - Electrophysiology Cath,ProcEPCath,CathData,ProcEPCath,",CathData.ProcEPCath"
5008,Procedure - Electrophysiology Ablation Procedure,ProcEPAblation,CathData,ProcEPAblation,",CathData.ProcEPAblation"
5009,Procedure - Transcatheter Pulmonary Valve Replacement (TPVR),ProcTPVR,CathData,ProcTPVR,",CathData.ProcTPVR"
5010,Specific Procedure ID,SpecificProcID,CathProcedures,SpecificProcID,",CathProcedures.SpecificProcID"
5015,Hospital Status,HospStatus,CathData,HospStatus,",CathData.HospStatus"
5020,Procedure Status,ProcStatus,CathData,ProcStatus,",CathData.ProcStatus"
5030,Operator Last Name,OperLName,,(SELECT TOP 1 Contacts.LastName FROM Contacts INNER JOIN CathData C2 ON Contacts.ContactID = C2.OperatorID WHERE C2.CathID = CathData.CathID) OperLName,",.(SELECT TOP 1 Contacts.LastName FROM Contacts INNER JOIN CathData C2 ON Contacts.ContactID = C2.OperatorID WHERE C2.CathID = CathData.CathID) OperLName"
5031,Operator First Name,OperFName,,(SELECT TOP 1 Contacts.FirstName FROM Contacts INNER JOIN CathData C2 ON Contacts.ContactID = C2.OperatorID WHERE C2.CathID = CathData.CathID) OperFName,",.(SELECT TOP 1 Contacts.FirstName FROM Contacts INNER JOIN CathData C2 ON Contacts.ContactID = C2.OperatorID WHERE C2.CathID = CathData.CathID) OperFName"
5032,Operator Middle Name,OperMName,,(SELECT TOP 1 Contacts.MiddleName FROM Contacts INNER JOIN CathData C2 ON Contacts.ContactID = C2.OperatorID WHERE C2.CathID = CathData.CathID) OperMName,",.(SELECT TOP 1 Contacts.MiddleName FROM Contacts INNER JOIN CathData C2 ON Contacts.ContactID = C2.OperatorID WHERE C2.CathID = CathData.CathID) OperMName"
5035,Operator NPI,OperNPI,,(SELECT TOP 1 Contacts.SurgNPI FROM Contacts INNER JOIN CathData C2 ON Contacts.ContactID = C2.OperatorID WHERE C2.CathID = CathData.CathID) OperNPI,",.(SELECT TOP 1 Contacts.SurgNPI FROM Contacts INNER JOIN CathData C2 ON Contacts.ContactID = C2.OperatorID WHERE C2.CathID = CathData.CathID) OperNPI"
5036,Trainee participating in the Procedure,ParticipatingTrainee,CathData,Trainee,",CathData.Trainee"
5037,Second Attending participating in the Procedure,SecondParticipating,CathData,SecondParticipating,",CathData.SecondParticipating"
5047,Procedure Start Date,ProcStartDate,CathData,ProcStartDate,",CathData.ProcStartDate"
5048,Procedure Start Time,ProcStartTime,CathData,ProcStartTime,",CathData.ProcStartTime"
5057,Procedure End Date,ProcEndDate,CathData,ProcEndDate,",CathData.ProcEndDate"
5058,Procedure End Time,ProcEndTime,CathData,ProcEndTime,",CathData.ProcEndTime"
5060,Anesthesiologist Present,AnesPresent,CathData,AnesPresent,",CathData.AnesPresent"
5065,Anesthesiologist Called In,AnesCalledIn,CathData,AnesCalledIn,",CathData.AnesCalledIn"
5070,Sedation Method,Sedation,CathData,Sedation,",CathData.Sedation"
5070,Sedation Method,Sedation,CathData,Sedation,",CathData.Sedation"
5071,Airway Management,AirMng,CathData,AirMng,",CathData.AirMng"
5076,Airway Management - Laryngeal mask airway,AirMngLMA,CathData,AirMngLMA,",CathData.AirMngLMA"
5077,Airway Management - Tracheostomy,AirMngTrach,CathData,AirMngTrach,",CathData.AirMngTrach"
5078,Airway Management - Bag mask ventilation,AirMngBagMask,CathData,AirMngBagMask,",CathData.AirMngBagMask"
5079,Airway Management - CPAP (Continuous Positive Airway Pressure),AirMngCPAP,CathData,AirMngCPAP,",CathData.AirMngCPAP"
5080,Airway Management - Elective Intubation,AirMngElecIntub,CathData,AirMngElecIntub,",CathData.AirMngElecIntub"
5081,Airway Management - Previously Intubated,AirMngPrevIntub,CathData,AirMngPrevIntub,",CathData.AirMngPrevIntub"
5085,Access Location,AccessLoc,CathData,AccessLoc,",CathData.AccessLoc"
5090,Venous Access Site,VenAccess,CathData,VenAccess,",CathData.VenAccess"
5095,Venous Sheath Size,VenLargSheath,CathData,VenLargSheath,",CathData.VenLargSheath"
5099,Venous Closure Method Counter,VenClosureMethodCounter,CathVenousClosureMethod,Sort,",CathVenousClosureMethod.Sort"
5100,Venous Closure Method(s),VenClosureDevID,CathVenousClosureMethod,VenClosureDevID,",CathVenousClosureMethod.VenClosureDevID"
5105,Venous Closure Method Not Documented,VenClosureMethodND,CathData,VenClosureMethodND,",CathData.VenClosureMethodND"
5110,Arterial Access Site,ArtAccess,CathData,ArtAccess,",CathData.ArtAccess"
5115,Arterial Sheath Size,ArtLargSheath,CathData,ArtLargSheath,",CathData.ArtLargSheath"
5119,Arterial Closure Method Counter,ArtClosureMethodCounter,CathArterialClosureMethod,Sort,",CathArterialClosureMethod.Sort"
5120,Arterial Closure Method(s),ArtClosureDevID,CathArterialClosureMethod,ArtClosureDevID,",CathArterialClosureMethod.ArtClosureDevID"
5125,Arterial Closure Method Not Documented,ArtClosureMethodND,CathData,ArtClosureMethodND,",CathData.ArtClosureMethodND"
5130,Fluoro Time,FluoroTime,CathData,FluoroTime,",CathData.FluoroTime"
5135,Contrast Volume,ContrastVol,CathData,ContrastVol,",CathData.ContrastVol"
5140,Systemic Heparinization,SysHeparin,CathData,SysHeparin,",CathData.SysHeparin"
5145,Activated Clotting Time Monitored,ACTMonitor,CathData,ACTMonitor,",CathData.ACTMonitor"
5150,Activated Clotting Time Peak,ACTPeak,CathData,ACTPeak,",CathData.ACTPeak"
5160,Inotrope,Inotrope,CathData,Inotrope,",CathData.Inotrope"
5165,Inotrope Use,InotropeUse,CathData,InotropeUse,",CathData.InotropeUse"
5170,Extracorporeal Membrane Oxygenation (ECMO) Use,ECMOUse,CathData,ECMOUse,",CathData.ECMOUse"
5175,Left Ventricular Assist Device (LVAD) Use,LVADUse,CathData,LVADUse,",CathData.LVADUse"
5180,Intra-aortic Balloon Pump (IABP) Use,IABPUse,CathData,IABPUse,",CathData.IABPUse"
5500,X-ray Imaging Plane Used,PlaneUsed,CathData,PlaneUsed,",CathData.PlaneUsed"
5515,Cumulative Air Kerma,FluoroDoseKerm,CathData,FluoroDoseKerm,",CathData.FluoroDoseKerm"
5520,Cumulative Air Kerma Units,FluoroDoseKerm_Units,CathData,FluoroDoseKerm_Units,",CathData.FluoroDoseKerm_Units"
5525,Dose Area Product,FluoroDoseDAP,CathData,FluoroDoseDAP,",CathData.FluoroDoseDAP"
5530,Dose Area Product Units,FluoroDoseDAP_Units,CathData,FluoroDoseDAP_Units,",CathData.FluoroDoseDAP_Units"
6000,Systemic Arterial Saturation,SystemicArtSat,CathHemodynamics,SystemicArtSat,",CathHemodynamics.SystemicArtSat"
6001,Systemic Arterial Saturation Not Assessed,SystemicArtSatNA,CathHemodynamics,SystemicArtSatNA,",CathHemodynamics.SystemicArtSatNA"
6005,Mixed Venous Saturation,MixVenSat,CathHemodynamics,MixVenSat,",CathHemodynamics.MixVenSat"
6006,Mixed Venous Saturation Not Assessed,MixVenSatNA,CathHemodynamics,MixVenSatNA,",CathHemodynamics.MixVenSatNA"
6010,Systemic Ventricular Systolic Pressure,SystemVentSysPres,CathHemodynamics,SystemVentSysPres,",CathHemodynamics.SystemVentSysPres"
6011,Systemic Ventricular Systolic Pressure Not Assessed,SystemVentSysPresNA,CathHemodynamics,SystemVentSysPresNA,",CathHemodynamics.SystemVentSysPresNA"
6015,Systemic Ventricular End Diastolic Pressure,SystemVentEndDiaPres,CathHemodynamics,SystemVentEndDiaPres,",CathHemodynamics.SystemVentEndDiaPres"
6016,Systemic Ventricular End Diastolic Pressure Not Assessed,SystemVentEndDiaPresNA,CathHemodynamics,SystemVentEndDiaPresNA,",CathHemodynamics.SystemVentEndDiaPresNA"
6020,Systemic Systolic Blood Pressure,SystemSysBP,CathHemodynamics,SystemSysBP,",CathHemodynamics.SystemSysBP"
6021,Systemic Systolic Blood Pressure Not Assessed,SystemSysBPNA,CathHemodynamics,SystemSysBPNA,",CathHemodynamics.SystemSysBPNA"
6025,Systemic Diastolic Blood Pressure,SystemDiaBP,CathHemodynamics,SystemDiaBP,",CathHemodynamics.SystemDiaBP"
6026,Systemic Diastolic Blood Pressure Not Assessed,SystemDiaBPNA,CathHemodynamics,SystemDiaBPNA,",CathHemodynamics.SystemDiaBPNA"
6030,Systemic Mean Blood Pressure,SystemMeanBP,CathHemodynamics,SystemMeanBP,",CathHemodynamics.SystemMeanBP"
6031,Systemic Mean Blood Pressure Not Assessed,SystemMeanBPNA,CathHemodynamics,SystemMeanBPNA,",CathHemodynamics.SystemMeanBPNA"
6035,Pulmonary Artery Systolic Pressure,PulmArtSysPres,CathHemodynamics,PulmArtSysPres,",CathHemodynamics.PulmArtSysPres"
6036,Pulmonary Artery Systolic Pressure Not Assessed,PulmArtSysPresNA,CathHemodynamics,PulmArtSysPresNA,",CathHemodynamics.PulmArtSysPresNA"
6040,Pulmonary Artery Mean Pressure,PulmArtMeanPres,CathHemodynamics,PulmArtMeanPres,",CathHemodynamics.PulmArtMeanPres"
6041,Pulmonary Artery Mean Pressure Not Assessed,PulmArtMeanPresNA,CathHemodynamics,PulmArtMeanPresNA,",CathHemodynamics.PulmArtMeanPresNA"
6045,Pulmonary Ventricular Systolic Pressure,PulmVentSysPres,CathHemodynamics,PulmVentSysPres,",CathHemodynamics.PulmVentSysPres"
6046,Pulmonary Ventricular Systolic Pressure Not Assessed,PulmVentSysPresNA,CathHemodynamics,PulmVentSysPresNA,",CathHemodynamics.PulmVentSysPresNA"
6050,Pulmonary Vascular Resistance Index,PulmVascRestInd,CathHemodynamics,PulmVascRestInd,",CathHemodynamics.PulmVascRestInd"
6051,Pulmonary Vascular Resistance Index Not Assessed,PulmVascRestIndNA,CathHemodynamics,PulmVascRestIndNA,",CathHemodynamics.PulmVascRestIndNA"
6055,Cardiac Index,CardInd,CathHemodynamics,CardInd,",CathHemodynamics.CardInd"
6056,Cardiac Index Not Assessed,CardIndNA,CathHemodynamics,CardIndNA,",CathHemodynamics.CardIndNA"
6060,Qp/Qs Ratio,QpQsRatio,CathHemodynamics,QpQsRatio,",CathHemodynamics.QpQsRatio"
6061,Qp/Qs Ratio Not Assessed,QpQsRatioNA,CathHemodynamics,QpQsRatioNA,",CathHemodynamics.QpQsRatioNA"
7000,ASD - Primary Procedure Indication,ASDProcInd,CathASDClosure,ASDProcInd,",CathASDClosure.ASDProcInd"
7005,ASD - Total Septal Length,ASDSeptLength,CathASDClosure,ASDSeptLength,",CathASDClosure.ASDSeptLength"
7006,ASD - Total Septal Length Not Assessed,ASDSeptLengthNA,CathASDClosure,ASDSeptLengthNA,",CathASDClosure.ASDSeptLengthNA"
7010,ASD - Atrial Septal Aneurysm Present,ASDAneurysm,CathASDClosure,ASDAneurysm,",CathASDClosure.ASDAneurysm"
7020,ASD - Defect Counter,ASDDefectCounter,CathASDDefect,Sort,",CathASDDefect.Sort"
7022,ASD - Multi-Fenestrated,ASDMultiFenestrated,CathASDDefect,ASDMultiFenestrated,",CathASDDefect.ASDMultiFenestrated"
7025,ASD - Size,ASDSize,CathASDDefect,ASDSize,",CathASDDefect.ASDSize"
7025,ASD - Size,ASDSize,CathASDDefect,ASDSize,",CathASDDefect.ASDSize"
7030,ASD - Balloon Sizing Performed,ASDBallSizPerf,CathASDDefect,ASDBallSizPerf,",CathASDDefect.ASDBallSizPerf"
7035,ASD - Stretched Diameter Performed,ASDStretchDiameter,CathASDDefect,ASDStretchDiameter,",CathASDDefect.ASDStretchDiameter"
7040,ASD - Stretched Diameter Size,ASDStretchDiameterSize,CathASDDefect,ASDStretchDiameterSize,",CathASDDefect.ASDStretchDiameterSize"
7045,ASD - Stop Flow Technique Performed,ASDStopFlowTech,CathASDDefect,ASDStopFlowTech,",CathASDDefect.ASDStopFlowTech"
7050,ASD - Stop Flow Technique Size,ASDStopFlowTechSize,CathASDDefect,ASDStopFlowTechSize,",CathASDDefect.ASDStopFlowTechSize"
7055,ASD - Rim Measurement Performed,ASDRimMeas,CathASDDefect,ASDRimMeas,",CathASDDefect.ASDRimMeas"
7060,ASD - IVC Rim Length,ASDIVCRimLength,CathASDDefect,ASDIVCRimLength,",CathASDDefect.ASDIVCRimLength"
7065,ASD - Aortic Rim Length,ASDAortRimLength,CathASDDefect,ASDAortRimLength,",CathASDDefect.ASDAortRimLength"
7066,ASD - Posterior Rim Length,ASDPostRimLength,CathASDDefect,ASDPostRimLength,",CathASDDefect.ASDPostRimLength"
7080,ASD - Residual Shunt Size,ASDResShunt,CathASDDefect,ASDResShunt,",CathASDDefect.ASDResShunt"
7084,ASD - Device Counter,ASDDevCounter,,,",."
7085,ASD - Device ID,ASDDevID,CathASDDevice,DevID,",CathASDDevice.DevID"
7089,ASD - Defect Counter Association,ASDDefectCounterAssn,CathASDDeviceAssn,DefectCounterAssn,",CathASDDeviceAssn.DefectCounterAssn"
7089,ASD - Defect Counter Association,ASDDefectCounterAssn,CathASDDeviceAssn,DefectCounterAssn,",CathASDDeviceAssn.DefectCounterAssn"
7090,ASD - Device Outcome,ASDDevOutcome,CathASDDevice,DevOutcome,",CathASDDevice.DevOutcome"
7100,Coarctation - Primary Procedure Indication,CoarcProcInd,CathCoarcProc,CoarcProcInd,",CathCoarcProc.CoarcProcInd"
7101,Nature of simple discrete coarctation (One site of intervention),CoarcNature,CathCoarcProc,CoarcNature,",CathCoarcProc.CoarcNature"
7102,Most Recent Prior Treatment,CoarcPriorTreat,CathCoarcProc,CoarcPriorTreat,",CathCoarcProc.CoarcPriorTreat"
7107,Coarctation - Pre-Procedure Minimal Diameter,CoarcPreDiameter,CathCoarcProc,CoarcPreDiameter,",CathCoarcProc.CoarcPreDiameter"
7108,Coarctation - Pre-Procedure Minimal Diameter Not Assessed,CoarcPreDiameterNA,CathCoarcProc,CoarcPreDiameterNA,",CathCoarcProc.CoarcPreDiameterNA"
7110,Coarctation - Pre-Procedure Peak Systolic Gradient,CoarcPrePkSysGrad,CathCoarcProc,CoarcPrePkSysGrad,",CathCoarcProc.CoarcPrePkSysGrad"
7111,Coarctation - Pre-Procedure Peak Systolic Gradient Not Assessed,CoarcPrePkSysGradNA,CathCoarcProc,CoarcPrePkSysGradNA,",CathCoarcProc.CoarcPrePkSysGradNA"
7120,Coarctation - Post-Procedure Minimal Diameter,CoarcPostDiameter,CathCoarcProc,CoarcPostDiameter,",CathCoarcProc.CoarcPostDiameter"
7121,Coarctation - Post-Procedure Minimal Diameter Not Assessed,CoarcPostDiameterNA,CathCoarcProc,CoarcPostDiameterNA,",CathCoarcProc.CoarcPostDiameterNA"
7124,Coarctation - Post-Procedure Peak Systolic Gradient Not Assessed,CoarcPostPkSysGradNA,CathCoarcProc,CoarcPostPkSysGradNA,",CathCoarcProc.CoarcPostPkSysGradNA"
7125,Coarctation - Post-Procedure Peak Systolic Gradient,CoarcPostPkSysGrad,CathCoarcProc,CoarcPostPkSysGrad,",CathCoarcProc.CoarcPostPkSysGrad"
7126,Coarctation with Additional Associated Aortic Obstruction,CoarcAddlAortObs,CathCoarcProc,CoarcAddlAortObs,",CathCoarcProc.CoarcAddlAortObs"
7127,Additional Intervention on Aortic Arch,CoarcAorticArchInter,CathCoarcProc,CoarcAorticArchInter,",CathCoarcProc.CoarcAorticArchInter"
7128,Pre-Procedure Total Ascending to Descending Aortic Systolic Gradient,CoarcPreSysGradient,CathCoarcProc,CoarcPreSysGradient,",CathCoarcProc.CoarcPreSysGradient"
7129,Post-Procedure Total Ascending to Descending Aortic Systolic Gradient,CoarcPostSysGradient,CathCoarcProc,CoarcPostSysGradient,",CathCoarcProc.CoarcPostSysGradient"
7130,Coarctation - Device Counter,CoarcDevCounter,,,",."
7135,Coarctation -  Device ID,CoarcDevID,CathCoarcProcDevice,CoarcDevID,",CathCoarcProcDevice.CoarcDevID"
7140,Coarctation - Device Type,CoarcDevType,CathCoarcProcDevice,CoarcDevType,",CathCoarcProcDevice.CoarcDevType"
7145,Coarctation - Balloon Purpose,CoarcBallPurp,CathCoarcProcDevice,CoarcBallPurp,",CathCoarcProcDevice.CoarcBallPurp"
7150,Coarctation - Balloon Max Inflation Pressure,CoarcBallPressure,CathCoarcProcDevice,CoarcBallPressure,",CathCoarcProcDevice.CoarcBallPressure"
7155,Coarctation - Balloon Outcome,CoarcBallOutcome,CathCoarcProcDevice,CoarcBallOutcome,",CathCoarcProcDevice.CoarcBallOutcome"
7160,Coarctation - Stent Outcome,CoarcStentOutcome,CathCoarcProcDevice,CoarcStentOutcome,",CathCoarcProcDevice.CoarcStentOutcome"
7164,Coarctation - In Stent Minimal Diameter Assessed,CoarcPostInStentDiamAssessed,CathCoarcProcDevice,CoarcPostInStentDiamAssessed,",CathCoarcProcDevice.CoarcPostInStentDiamAssessed"
7165,Coarctation - In Stent Minimal Diameter,CoarcPostInStentDiameter,CathCoarcProcDevice,CoarcPostInStentDiameter,",CathCoarcProcDevice.CoarcPostInStentDiameter"
7200,AV - Primary Procedure Indication,AVProcInd,CathAorticValvuloplasty,AVProcInd,",CathAorticValvuloplasty.AVProcInd"
7205,AV - Aortic Valve Morphology,AVMorphology,CathAorticValvuloplasty,AVMorphology,",CathAorticValvuloplasty.AVMorphology"
7210,AV - Pre-Procedure Valve Regurgitation,AVPreInsuff,CathAorticValvuloplasty,AVPreInsuff,",CathAorticValvuloplasty.AVPreInsuff"
7215,AV - Aortic Valve Diameter,AVDiameter,CathAorticValvuloplasty,AVDiameter,",CathAorticValvuloplasty.AVDiameter"
7220,AV - Pre-Procedure Peak Systolic Gradient,AVPrePkSystGrad,CathAorticValvuloplasty,AVPrePkSystGrad,",CathAorticValvuloplasty.AVPrePkSystGrad"
7231,AV - Balloon Counter,AVBallCounter,,,",."
7236,AV - Balloon Technique,AVBallTechnique,CathAorticValvuloplastyInflationCounter,BallTech,",CathAorticValvuloplastyInflationCounter.BallTech"
7241,AV - Device ID Balloon 1,AVBall1DevID,CathAorticValvuloplastyInflationCounter,SingDevID,",CathAorticValvuloplastyInflationCounter.SingDevID"
7242,AV - Device ID Balloon 2,AVBall2DevID,CathAorticValvuloplastyInflationCounter,DoubDevID2,",CathAorticValvuloplastyInflationCounter.DoubDevID2"
7243,AV - Balloon Stabilization,AVBallStab,CathAorticValvuloplastyInflationCounter,SingBallStab,",CathAorticValvuloplastyInflationCounter.SingBallStab"
7244,AV - Max Inflation Pressure,AVBallPressure,CathAorticValvuloplastyInflationCounter,SingBallPressure,",CathAorticValvuloplastyInflationCounter.SingBallPressure"
7256,AV - Balloon Outcome,AVBallOutcome,CathAorticValvuloplastyInflationCounter,SingBallOutcome,",CathAorticValvuloplastyInflationCounter.SingBallOutcome"
7257,AV - Post Dilation Peak Systolic Gradient,AVPostDilSysGrad,CathAorticValvuloplastyInflationCounter,PostDilSysGrad,",CathAorticValvuloplastyInflationCounter.PostDilSysGrad"
7258,AV - Post Dilation Aortic Valve Regurgitation,AVPostDilRegurg,CathAorticValvuloplastyInflationCounter,PostDilRegurg,",CathAorticValvuloplastyInflationCounter.PostDilRegurg"
7400,PV - Primary Procedure Indication,PVProcInd,CathPulmonaryValvuloplasty,PVProcInd,",CathPulmonaryValvuloplasty.PVProcInd"
7405,PV - Pulmonary Valve Morphology,PVMorphology,CathPulmonaryValvuloplasty,PVMorphology,",CathPulmonaryValvuloplasty.PVMorphology"
7410,PV - Subpulmonary Stenosis Present,PVSubStenosis,CathPulmonaryValvuloplasty,PVSubStenosis,",CathPulmonaryValvuloplasty.PVSubStenosis"
7415,PV - Pulmonary Valve Diameter,PVDiameter,CathPulmonaryValvuloplasty,PVDiameter,",CathPulmonaryValvuloplasty.PVDiameter"
7420,PV - Pre-Procedure Peak Systolic Gradient,PVPrePkSysGrad,CathPulmonaryValvuloplasty,PVPrePkSysGrad,",CathPulmonaryValvuloplasty.PVPrePkSysGrad"
7421,PV - Pre-Procedure Peak Systolic Gradient Not Assessed,PVPrePkSysGradNA,CathPulmonaryValvuloplasty,PVPrePkSysGradNA,",CathPulmonaryValvuloplasty.PVPrePkSysGradNA"
7520,PV - Balloon Technique,PVBallTech,CathPulmonaryValvuloplasty,PVBallTech,",CathPulmonaryValvuloplasty.PVBallTech"
7525,PV - Device ID Balloon 1,PVBall1DevID,CathPulmonaryValvuloplasty,PVBall1DevID,",CathPulmonaryValvuloplasty.PVBall1DevID"
7530,PV - Device ID Balloon 2,PVBall2DevID,CathPulmonaryValvuloplasty,PVBall2DevID,",CathPulmonaryValvuloplasty.PVBall2DevID"
7535,PV - Balloon Stabilization,PVBallStab,CathPulmonaryValvuloplasty,PVBallStab,",CathPulmonaryValvuloplasty.PVBallStab"
7540,PV - Balloon Max Inflation Pressure,PVBallPressure,CathPulmonaryValvuloplasty,PVBallPressure,",CathPulmonaryValvuloplasty.PVBallPressure"
7545,PV - Balloon Device Outcome,PVBallOutcome,CathPulmonaryValvuloplasty,PVBallOutcome,",CathPulmonaryValvuloplasty.PVBallOutcome"
7550,PV - Post-Procedure Peak Systolic Gradient,PVPostPkSysGrad,CathPulmonaryValvuloplasty,PVPostPkSysGrad,",CathPulmonaryValvuloplasty.PVPostPkSysGrad"
7551,PV - Post-Procedure Peak Systolic Gradient Not Assessed,PVPostPkSysGradNA,CathPulmonaryValvuloplasty,PVPostPkSysGradNA,",CathPulmonaryValvuloplasty.PVPostPkSysGradNA"
7600,PDA - Primary Procedure Indication,PDAProcInd,CathPDAClosure,PDAProcInd,",CathPDAClosure.PDAProcInd"
7605,PDA - Diameter Aortic Side,PDADiameterAortSide,CathPDAClosure,PDADiameterAortSide,",CathPDAClosure.PDADiameterAortSide"
7610,PDA - Minimum Luminal Diameter,PDAMinLumDiameter,CathPDAClosure,PDAMinLumDiameter,",CathPDAClosure.PDAMinLumDiameter"
7615,PDA - Length,PDALength,CathPDAClosure,PDALength,",CathPDAClosure.PDALength"
7620,PDA - Classification,PDAClass,CathPDAClosure,PDAClass,",CathPDAClosure.PDAClass"
7630,PDA - Pulmonary Artery Obstruction,PDAPAObst,CathPDAClosure,PDAPAObst,",CathPDAClosure.PDAPAObst"
7635,PDA - Aortic Obstruction,PDAAortObst,CathPDAClosure,PDAAortObst,",CathPDAClosure.PDAAortObst"
7640,PDA - Residual Shunt,PDAResShunt,CathPDAClosure,PDAResShunt,",CathPDAClosure.PDAResShunt"
7644,PDA - Device Counter,PDADevCounter,,,",."
7645,PDA - Device ID,PDADevID,CathPDAClosureDevice,DevID,",CathPDAClosureDevice.DevID"
7650,PDA - Device Outcome,PDADevOutcome,CathPDAClosureDevice,DevOutcome,",CathPDAClosureDevice.DevOutcome"
7700,PA Stenting - Primary Indication,PASProcInd,CathPAStent,PASProcInd,",CathPAStent.PASProcInd"
7705,PA Stenting - Defect Counter,PASDefectCounter,,,",."
7705,PA Stenting - Defect Counter,PASDefectCounter,,,",."
7705,PA Stenting - Defect Counter,PASDefectCounter,,,",."
7710,PA Stenting - Defect Location,PASDefectLoc,CathPAStentDefect,PASDefectLoc,",CathPAStentDefect.PASDefectLoc"
7720,PA Stenting - Distal Obstruction Present,PASDisObstruction,CathPAStentDefect,PASDisObstruction,",CathPAStentDefect.PASDisObstruction"
7725,PA Stenting - Sidebranch Jailing,PASSideJail,CathPAStentDefect,PASSideJail,",CathPAStentDefect.PASSideJail"
7730,PA Stenting - Sidebranch Jailing Intended,PASSideJailIntended,CathPAStentDefect,PASSideJailIntended,",CathPAStentDefect.PASSideJailIntended"
7735,PA Stenting - Sidebranch Jailing Artery,PASSideJailArtery,CathPAStentDefect,PASSideJailArtery,",CathPAStentDefect.PASSideJailArtery"
7740,PA Stenting - Sidebranch Jailing Decreased Flow,PASDSideJailDecFlow,CathPAStentDefect,PASDSideJailDecFlow,",CathPAStentDefect.PASDSideJailDecFlow"
7745,PA Stenting - Pre-Procedure Proximal Systolic Pressure,PASPreProxSysPress,CathPAStentDefect,PASPreProxSysPress,",CathPAStentDefect.PASPreProxSysPress"
7750,PA Stenting - Pre-Procedure Distal Systolic Pressure,PASPreDistSysPress,CathPAStentDefect,PASPreDistSysPress,",CathPAStentDefect.PASPreDistSysPress"
7755,PA Stenting - Pre-Procedure Proximal Mean Pressure,PASPreProxMeanPress,CathPAStentDefect,PASPreProxMeanPress,",CathPAStentDefect.PASPreProxMeanPress"
7760,PA Stenting - Pre-Procedure Distal Mean Pressure,PASPreDistMeanPress,CathPAStentDefect,PASPreDistMeanPress,",CathPAStentDefect.PASPreDistMeanPress"
7765,PA Stenting - Pre-Procedure Proximal Diameter,PASPreProxDiameter,CathPAStentDefect,PASPreProxDiameter,",CathPAStentDefect.PASPreProxDiameter"
7770,PA Stenting - Pre-Procedure Distal Diameter,PASPreDistDiameter,CathPAStentDefect,PASPreDistDiameter,",CathPAStentDefect.PASPreDistDiameter"
7775,PA Stenting - Pre-Procedure PA Vessel Diameter Minimum,PASPreMinDiameter,CathPAStentDefect,PASPreMinDiameter,",CathPAStentDefect.PASPreMinDiameter"
7785,PA Stenting - Post-Procedure Proximal Systolic Pressure,PASPostProxSysPress,CathPAStentDefect,PASPostProxSysPress,",CathPAStentDefect.PASPostProxSysPress"
7790,PA Stenting - Post-Procedure Distal Systolic Pressure,PASPostDistSysPress,CathPAStentDefect,PASPostDistSysPress,",CathPAStentDefect.PASPostDistSysPress"
7795,PA Stenting - Post-Procedure Proximal Mean Pressure,PASPostProxMeanPress,CathPAStentDefect,PASPostProxMeanPress,",CathPAStentDefect.PASPostProxMeanPress"
7800,PA Stenting - Post-Procedure Distal Mean Pressure,PASPostDistMeanPress,CathPAStentDefect,PASPostDistMeanPress,",CathPAStentDefect.PASPostDistMeanPress"
7805,PA Stenting - Post-Procedure Proximal Diameter,PASPostProxDiameter,CathPAStentDefect,PASPostProxDiameter,",CathPAStentDefect.PASPostProxDiameter"
7810,PA Stenting - Post-Procedure Distal Diameter,PASPostDistDiameter,CathPAStentDefect,PASPostDistDiameter,",CathPAStentDefect.PASPostDistDiameter"
7815,PA Stenting - Post-Procedure PA Vessel Diameter in Stent Minimum,PASPostMinDiameter,CathPAStentDefect,PASPostMinDiameter,",CathPAStentDefect.PASPostMinDiameter"
7819,PA Stenting - Device Counter,PASDevCounter,,,",."
7820,PA Stenting - Device ID,PASDevID,CathPAStentDevice,DevID,",CathPAStentDevice.DevID"
7824,PA Stenting - Defect Counter Association,PASDefectCounterAssn,CathPAStentDeviceAssn,DefectCounterAssn,",CathPAStentDeviceAssn.DefectCounterAssn"
7825,PA Stenting - Device Outcome,PASDevOutcome,CathPAStentDevice,DevOutcome,",CathPAStentDevice.DevOutcome"
8000,Cardiac Arrest,CArrest,CathEvents,CArrest,",CathEvents.CArrest"
8005,Arrhythmia,PostArrhyth,CathEvents,PostArrhyth,",CathEvents.PostArrhyth"
8006,AV Block,PostAVBlock,CathEvents,PostAVBlock,",CathEvents.PostAVBlock"
8007,Arrhythmia Spontaneously Resolved,PostArrhythResolved,CathEvents,PostArrhythResolved,",CathEvents.PostArrhythResolved"
8010,Arrhythmia Requiring Antiarrhythmic Medication,PostArrhythMed,CathEvents,PostArrhythMed,",CathEvents.PostArrhythMed"
8015,Arrhythmia Requiring Cardioversion,PostArrhythCardiovers,CathEvents,PostArrhythCardiovers,",CathEvents.PostArrhythCardiovers"
8020,Arrhythmia Requiring Temporary Pacemaker,PostArrhythTempPM,CathEvents,PostArrhythTempPM,",CathEvents.PostArrhythTempPM"
8025,Arrhythmia Requiring Permanent Pacemaker,PostArrhythPermPM,CathEvents,PostArrhythPermPM,",CathEvents.PostArrhythPermPM"
8030,New Heart Valve Regurgitation,PostNewRegurge,CathEvents,PostNewRegurge,",CathEvents.PostNewRegurge"
8035,Tamponade,PostTamponade,CathEvents,PostTamponade,",CathEvents.PostTamponade"
8040,Air Embolus,PostAirEmbolus,CathEvents,PostAirEmbolus,",CathEvents.PostAirEmbolus"
8045,Embolic Stroke,PostEmbStroke,CathEvents,PostEmbStroke,",CathEvents.PostEmbStroke"
8050,Device Malposition or Thrombus,PostDevMalposThrom,CathEvents,PostDevMalposThrom,",CathEvents.PostDevMalposThrom"
8051,Device Malposition or Thrombus Retrieved via Catheterization,PostDevMalposThromRetCT,CathEvents,PostDevMalposThromRetCT,",CathEvents.PostDevMalposThromRetCT"
8052,Device Malposition or Thrombus Retrieved via Surgery,PostDevMalposThromRetSurg,CathEvents,PostDevMalposThromRetSurg,",CathEvents.PostDevMalposThromRetSurg"
8055,Device Embolization (Requiring device retrieval),PostDevEmbol,CathEvents,PostDevEmbol,",CathEvents.PostDevEmbol"
8060,Device Embolization Retrieved via Catheterization,PostDevRetrievePCT,CathEvents,PostDevRetrievePCT,",CathEvents.PostDevRetrievePCT"
8065,Device Embolization Retrieved via Surgery,PostDevRetrieveSurg,CathEvents,PostDevRetrieveSurg,",CathEvents.PostDevRetrieveSurg"
8070,New Requirement for Dialysis,PostDialysis,CathEvents,PostDialysis,",CathEvents.PostDialysis"
8071,Coronary Artery Compression,PostCorArteryComp,CathEvents,PostCorArteryComp,",CathEvents.PostCorArteryComp"
8072,Erosion,PostErosion,CathEvents,PostErosion,",CathEvents.PostErosion"
8073,Esophageal Fistula,PostEsoFistula,CathEvents,PostEsoFistula,",CathEvents.PostEsoFistula"
8074,Left Bundle Branch Block (LBBB),PostLBBB,CathEvents,PostLBBB,",CathEvents.PostLBBB"
8075,Airway Event Requiring Escalation of Care,PostIntubation,CathEvents,PostIntubation,",CathEvents.PostIntubation"
8076,Right Bundle Branch Block (RBBB),PostRBBB,CathEvents,PostRBBB,",CathEvents.PostRBBB"
8080,Event Requiring ECMO,PostECMO,CathEvents,PostECMO,",CathEvents.PostECMO"
8085,Event Requiring LVAD,PostLVAD,CathEvents,PostLVAD,",CathEvents.PostLVAD"
8090,Bleeding Event,PostBleed,CathEvents,PostBleed,",CathEvents.PostBleed"
8095,Bleeding Event at Access Site,PostBleedAccessSite,CathEvents,PostBleedAccessSite,",CathEvents.PostBleedAccessSite"
8100,Hematoma at Access Site,PostBleedHematoma,CathEvents,PostBleedHematoma,",CathEvents.PostBleedHematoma"
8110,Retroperitoneal Bleeding,PostRetroBleed,CathEvents,PostRetroBleed,",CathEvents.PostRetroBleed"
8115,Gastrointestinal Bleeding,PostGIBleed,CathEvents,PostGIBleed,",CathEvents.PostGIBleed"
8120,Genitourinary Bleeding,PostGUBleed,CathEvents,PostGUBleed,",CathEvents.PostGUBleed"
8125,Other Bleeding,PostOtherBleed,CathEvents,PostOtherBleed,",CathEvents.PostOtherBleed"
8130,RBC Transfusion,PostTransfusion,CathEvents,PostTransfusion,",CathEvents.PostTransfusion"
8131,Drop in Hgb,PostDropHgb,CathEvents,PostDropHgb,",CathEvents.PostDropHgb"
8132,Anemia prior to Cath Procedure,PostPriorAnemia,CathEvents,PostPriorAnemia,",CathEvents.PostPriorAnemia"
8133,Post-operative Blood Loss,PostBloodLoss,CathEvents,PostBloodLoss,",CathEvents.PostBloodLoss"
8134,ECMO Blood Replacement,PostECMOBloodReplace,CathEvents,PostECMOBloodReplace,",CathEvents.PostECMOBloodReplace"
8140,Other Vascular Complications Requiring Treatment,PostOtherVasComp,CathEvents,PostOtherVasComp,",CathEvents.PostOtherVasComp"
8145,Other Events,PostOtherEvents,CathEvents,PostOtherEvents,",CathEvents.PostOtherEvents"
8150,Other Events ID,PostOtherEventID,CathEventOther,PostOtherEventID,",CathEventOther.PostOtherEventID"
8155,Planned Cardiac Surgery,PostPlanCardiacSurg,CathEvents,PostPlanCardiacSurg,",CathEvents.PostPlanCardiacSurg"
8160,Unplanned Cardiac Surgery,PostUnplanCardSurg,CathEvents,PostUnplanCardSurg,",CathEvents.PostUnplanCardSurg"
8165,Unplanned Vascular Surgery,PostUnplanVasSurg,CathEvents,PostUnplanVasSurg,",CathEvents.PostUnplanVasSurg"
8170,Unplanned Other Surgery,PostUnplanOtherSurg,CathEvents,PostUnplanOtherSurg,",CathEvents.PostUnplanOtherSurg"
8175,Other Surgery Due to Cath Complication,PostOtherSurgCathComp,CathEvents,PostOtherSurgCathComp,",CathEvents.PostOtherSurgCathComp"
8180,Subsequent Cardiac Cath,PostSubsCath,CathEvents,PostSubsCath,",CathEvents.PostSubsCath"
8200,Peripheral Nerve Injury,PostPeriNerveInjury,CathEvents,PostPeriNerveInjury,",CathEvents.PostPeriNerveInjury"
8205,Phrenic Nerve Paralysis,PostPhNerveParalysis,CathEvents,PostPhNerveParalysis,",CathEvents.PostPhNerveParalysis"
8210,Pneumothorax,PostPneumothorax,CathEvents,PostPneumothorax,",CathEvents.PostPneumothorax"
8215,Pulmonary Embolism,PostPulEmbolism,CathEvents,PostPulEmbolism,",CathEvents.PostPulEmbolism"
8220,Pulmonary Vein Stenosis,PostPulVeinStenosis,CathEvents,PostPulVeinStenosis,",CathEvents.PostPulVeinStenosis"
8225,Radiation Burn to Skin,PostRadiationBurn,CathEvents,PostRadiationBurn,",CathEvents.PostRadiationBurn"
8230,Deep Vein Thrombosis,PostDVT,CathEvents,PostDVT,",CathEvents.PostDVT"
8235,Conduit Tear,PostConduitTear,CathEvents,PostConduitTear,",CathEvents.PostConduitTear"
8236,Conduit Tear Location,PostConduitTearLoc ,CathEvents,PostConduitTearLoc ,",CathEvents.PostConduitTearLoc "
8237,Conduit Tear Treatment,PostConduitTearTreat,CathEventsPostConduitTearTreatment,PostConduitTearTreat,",CathEventsPostConduitTearTreatment.PostConduitTearTreat"
8305,Cardiac Surgery during this admission,EOCCardiacSurgery,Hospitalization,CardSurg,",Hospitalization.CardSurg"
8310,Cardiac Surgery Date(s),EOCCardiacSurgeryDate,PC4Operative,CardSurgDt,",PC4Operative.CardSurgDt"
8315,Cardiac Surgery Time(s),EOCCardiacSurgeryTime,,,",."
9000,Discharge Date,DCDate,Hospitalization,DischDt,",Hospitalization.DischDt"
9005,Discharge Status,DCStatus,Hospitalization,MtDCStat,",Hospitalization.MtDCStat"
9010,Death in Lab,DeathLab,Mortality,DeathLab,",Mortality.DeathLab"
9015,Primary Cause of Death,DeathCause,Mortality,DeathCause,",Mortality.DeathCause"
10000,EP - Primary Procedure Indication,EPPrimaryInd,CathEP,EPPrimaryInd,",CathEP.EPPrimaryInd"
10005,EP - History of Congenital Heart Disease,EPHxCHD,CathEP,EPHxCHD,",CathEP.EPHxCHD"
10010,EP - Previous EP Therapy Attempted,EPPrevTherapy,CathEP,EPPrevTherapy,",CathEP.EPPrevTherapy"
10011,Catheter Ablation,PriorCathAblation,CathEP,PriorCathAblation,",CathEP.PriorCathAblation"
10012,Pharmacologic Therapy,PriorPharmaTherapy,CathEP,PriorPharmaTherapy,",CathEP.PriorPharmaTherapy"
10013,Chemical cardioversion,PriorChemCard,CathEP,PriorChemCard,",CathEP.PriorChemCard"
10014,DC cardioversion,PriorDCCard,CathEP,PriorDCCard,",CathEP.PriorDCCard"
10015,Pacemaker insertion,PriorPaceInsert,CathEP,PriorPaceInsert,",CathEP.PriorPaceInsert"
10016,ICD insertion,PriorICDInsert,CathEP,PriorICDInsert,",CathEP.PriorICDInsert"
10017,Arrhythmia surgery,PriorArrSurgery,CathEP,PriorArrSurgery,",CathEP.PriorArrSurgery"
10018,EP - Number of Prior Catheter Ablation procedures,PriorCathAblaNum,CathEP,PriorCathAblaNum,",CathEP.PriorCathAblaNum"
10020,Symptom Severity Survey (SSS) Q1,SSSQ1,CathEP,SSSQ1,",CathEP.SSSQ1"
10021,Symptom Severity Survey (SSS) Q2,SSSQ2,CathEP,SSSQ2,",CathEP.SSSQ2"
10022,Symptom Severity Survey (SSS) Q3,SSSQ3,CathEP,SSSQ3,",CathEP.SSSQ3"
10023,Symptom Severity Survey (SSS) Q4,SSSQ4,CathEP,SSSQ4,",CathEP.SSSQ4"
10024,Symptom Severity Survey (SSS) Q5,SSSQ5,CathEPSSSQ5,SSSQ5,",CathEPSSSQ5.SSSQ5"
10025,Symptom Severity Survey (SSS) Q6,SSSQ6,CathEP,SSSQ6,",CathEP.SSSQ6"
10026,Symptom Severity Survey (SSS) Q7,SSSQ7,CathEP,SSSQ7,",CathEP.SSSQ7"
10040,EP - Tachyarrhythmias Observed during EP Study,EPTachyarrObs,CathEPTachyarrObs,EPTachyarrObs,",CathEPTachyarrObs.EPTachyarrObs"
10065,EP - Ablation Sedation Medication,EPSedMed,CathEPSedMed,EPSedMed,",CathEPSedMed.EPSedMed"
10070,EP - Imaging System(s) Used,EPMapSys,CathEPMapSys,EPMapSys,",CathEPMapSys.EPMapSys"
10075,EP - Target Counter,EPTargetCounter,,,",."
10080,EP - Indications for Ablation,EPAblationIndication,CathEPAblationIndication,EPAblationIndication,",CathEPAblationIndication.EPAblationIndication"
10085,EP - Approach to Target,EPTargetApproach,CathEPTargetApproach,EPTargetApproach,",CathEPTargetApproach.EPTargetApproach"
10090,EP - Targeted substrate,EPTargetSub,CathEPTarget,EPTargetSub,",CathEPTarget.EPTargetSub"
10095,EP - Target Location ID,EPTargetLocID,CathEPTarget,EPTargetLocID,",CathEPTarget.EPTargetLocID"
10100,EP - Methods to localize target,EPTargetMethod,CathEPTargetMethod,EPTargetMethod,",CathEPTargetMethod.EPTargetMethod"
10105,EP - Ablation Attempted,EPAblationAttempted,CathEPTarget,EPAblationAttempted,",CathEPTarget.EPAblationAttempted"
10106,EP - Reason not attempted,EPAblationNotAttempted,CathEPTarget,EPAblationNotAttempted,",CathEPTarget.EPAblationNotAttempted"
10110,EP - Outcome of Ablation,EPAblationOutcome,CathEPTarget,EPAblationOutcome,",CathEPTarget.EPAblationOutcome"
10115,EP - Device Counter,EPDevCounter,,,",."
10120,EP - Ablation Catheter(s) Device ID,EPAblationCathID,CathEPDevices,EPAblationCathID,",CathEPDevices.EPAblationCathID"
10125,EP - Target Counter Association,EPTargetCounterAssn,CathEPDeviceAssociation,EPTargetAssn,",CathEPDeviceAssociation.EPTargetAssn"
10130,EP - Seconds on Target,EPTargetSeconds,CathEPDevices,EPTargetSeconds,",CathEPDevices.EPTargetSeconds"
10135,EP - Number of Activations,EPActivationsNum,CathEPDevices,EPActivationsNum,",CathEPDevices.EPActivationsNum"
11000,TPVR - Clinical Indication,TPVRClinInd,CathTPVR,TPVRClinInd,",CathTPVR.TPVRClinInd"
11005,TPVR - Hemodynamic Indication,TPVRHemoInd,CathTPVR,TPVRHemoInd,",CathTPVR.TPVRHemoInd"
11010,TPVR - Underlying anatomic reason for RVOT dysfunction,TPVRRVOTDysfunction,CathTPVR,TPVRRVOTDysfunction,",CathTPVR.TPVRRVOTDysfunction"
11015,TPVR - Echocardiogram,TPVREcho,CathTPVR,TPVREcho,",CathTPVR.TPVREcho"
11016,TPVR - Mean gradient across valve/conduit,TPVREchoMeanGradient,CathTPVR,TPVREchoMeanGradient,",CathTPVR.TPVREchoMeanGradient"
11017,TPVR - Maximum gradient across valve/conduit ,TPVREchoMaxGradient,CathTPVR,TPVREchoMaxGradient,",CathTPVR.TPVREchoMaxGradient"
11018,TPVR - Pulmonary Valve Regurgitation,TPVREchoPVRegurg,CathTPVR,TPVREchoPVRegurg,",CathTPVR.TPVREchoPVRegurg"
11019,TPVR - Echo LVEF,TPVREchoLVEF,CathTPVR,TPVREchoLVEF,",CathTPVR.TPVREchoLVEF"
11020,TPVR - Tricuspid Regurgitation Severity,TPVREchoTRS,CathTPVR,TPVREchoTRS,",CathTPVR.TPVREchoTRS"
11030,TPVR - MRI,TPVRMRI,CathTPVR,TPVRMRI,",CathTPVR.TPVRMRI"
11031,TPVR - MRI RVEF,TPVRMRIRVEF,CathTPVR,TPVRMRIRVEF,",CathTPVR.TPVRMRIRVEF"
11032,TPVR - MRI LVEF,TPVRMRILVEF,CathTPVR,TPVRMRILVEF,",CathTPVR.TPVRMRILVEF"
11033,TPVR - MRI RVEDV Index,TPVRMRIRVEDVIndex,CathTPVR,TPVRMRIRVEDVIndex,",CathTPVR.TPVRMRIRVEDVIndex"
11034,TPVR - MRI RVESV Index,TPVRMRIRVESVIndex,CathTPVR,TPVRMRIRVESVIndex,",CathTPVR.TPVRMRIRVESVIndex"
11035,TPVR - MRI LVEDV Index,TPVRMRILVEDVIndex,CathTPVR,TPVRMRILVEDVIndex,",CathTPVR.TPVRMRILVEDVIndex"
11036,TPVR - MRI LVESV Index,TPVRMRILVESVIndex,CathTPVR,TPVRMRILVESVIndex,",CathTPVR.TPVRMRILVESVIndex"
11037,TPVR - MRI PR Fraction,TPVRMRIPRFraction,CathTPVR,TPVRMRIPRFraction,",CathTPVR.TPVRMRIPRFraction"
11040,TPVR - Type of RVOT valve/conduit,TPVRRVOTType,CathTPVR,TPVRRVOTType,",CathTPVR.TPVRRVOTType"
11041,TPVR - Original surgically implanted valve/conduit size,TPVROriginalConduit,CathTPVR,TPVROriginalConduit,",CathTPVR.TPVROriginalConduit"
11045,TPVR - Existing stent within valve/conduit,TPVRExistingStent,CathTPVR,TPVRExistingStent,",CathTPVR.TPVRExistingStent"
11050,TPVR - Prior TPVR (Valve in Valve),TPVRPriorTPVR,CathTPVR,TPVRPriorTPVR,",CathTPVR.TPVRPriorTPVR"
11055,TPVR - Cath Peak gradient across valve/conduit ,TPVRCathPeakGradient,CathTPVR,TPVRCathPeakGradient,",CathTPVR.TPVRCathPeakGradient"
11060,TPVR - Narrowest angiographic valve/conduit diameter,TPVRNarrowDia,CathTPVR,TPVRNarrowDia,",CathTPVR.TPVRNarrowDia"
11065,TPVR - Aortography performed,TPVRAortoPerf,CathTPVR,TPVRAortoPerf,",CathTPVR.TPVRAortoPerf"
11070,TPVR - Selective coronary angiography performed,TPVRSelectiveAngio,CathTPVR,TPVRSelectiveAngio,",CathTPVR.TPVRSelectiveAngio"
11075,TPVR - Coronary compression testing performed,TPVRCorCompressTest,CathTPVR,TPVRCorCompressTest,",CathTPVR.TPVRCorCompressTest"
11076,TPVR - Maximum Balloon size,TPVRMaxBalloonSize,CathTPVR,TPVRMaxBalloonSize,",CathTPVR.TPVRMaxBalloonSize"
11077,TPVR - Coronary compression present,TPVRCorCompressPresent,CathTPVR,TPVRCorCompressPresent,",CathTPVR.TPVRCorCompressPresent"
11080,TPVR - Pre-dilation performed,TPVRPredilationPerf,CathTPVR,TPVRPredilationPerf,",CathTPVR.TPVRPredilationPerf"
11081,TPVR - First Balloon size,TPVRFirstBallSize,CathTPVR,TPVRFirstBallSize,",CathTPVR.TPVRFirstBallSize"
11082,TPVR - Maximum Balloon size,TPVRMaxBallSize,CathTPVR,TPVRMaxBallSize,",CathTPVR.TPVRMaxBallSize"
11083,TPVR - Highest pressure inflation performed,TPVRHighInflaPerf,CathTPVR,TPVRHighInflaPerf,",CathTPVR.TPVRHighInflaPerf"
11085,TPVR - New Pre-Stent implanted,TPVRNewPreStent,CathTPVR,TPVRNewPreStent,",CathTPVR.TPVRNewPreStent"
11086,TPVR - New Stents Number,TPVRNewStentsNum,CathTPVR,TPVRNewStentsNum,",CathTPVR.TPVRNewStentsNum"
11090,TPVR - Access vessel for valve delivery,TPVRAccessVessel,CathTPVR,TPVRAccessVessel,",CathTPVR.TPVRAccessVessel"
11095,TPVR - Delivery Balloon size,TPVRDeliBallSize,CathTPVR,TPVRDeliBallSize,",CathTPVR.TPVRDeliBallSize"
11100,TPVR - TPV deployed,TPVRTPVDeployed,CathTPVR,TPVRTPVDeployed,",CathTPVR.TPVRTPVDeployed"
11101,TPVR - Post-dilation of TPV,TPVRTPVPostDilation,CathTPVR,TPVRTPVPostDilation,",CathTPVR.TPVRTPVPostDilation"
11102,TPVR - Final Balloon size,TPVRFinalBallSize,CathTPVR,TPVRFinalBallSize,",CathTPVR.TPVRFinalBallSize"
11103,TPVR - Final Pressure,TPVRFinalPressure,CathTPVR,TPVRFinalPressure,",CathTPVR.TPVRFinalPressure"
11105,TPVR - Post Procedure Peak RVOT gradient ,TPVRPeakRVOTGrad,CathTPVR,TPVRPeakRVOTGrad,",CathTPVR.TPVRPeakRVOTGrad"
11110,TPVR - Post-Procedure Pulmonary Valve Regurgitation,TPVRPostProcPVRegurg,CathTPVR,TPVRPostProcPVRegurg,",CathTPVR.TPVRPostProcPVRegurg"
11115,TPVR - Final minimal diameter of valve,TPVRFinalDiameter,CathTPVR,TPVRFinalDiameter,",CathTPVR.TPVRFinalDiameter"
11120,TPVR - Reason TPV not deployed,TPVRNotDeployedReason,CathTPVR,TPVRNotDeployedReason,",CathTPVR.TPVRNotDeployedReason"
11125,TPVR - Device Counter,TPVRDevCounter,,,",."
11130,TPVR - Device ID,TPVRDevID,CathTPVRDevice,DevID,",CathTPVRDevice.DevID"
11135,TPVR - Device Outcome,TPVRDeviceOutcome,CathTPVRDevice,DevOutcome,",CathTPVRDevice.DevOutcome"
11140,TPVR - Echocardiogram,TPVRPostEcho,CathTPVR,TPVRPostEcho,",CathTPVR.TPVRPostEcho"
11145,TPVR - Mean gradient across valve/conduit,TPVRPostEchoMeanGrad,CathTPVR,TPVRPostEchoMeanGrad,",CathTPVR.TPVRPostEchoMeanGrad"
11150,TPVR - Maximum gradient across valve/conduit,TPVRPostEchoMaxGrad,CathTPVR,TPVRPostEchoMaxGrad,",CathTPVR.TPVRPostEchoMaxGrad"
11155,TPVR - Post-Procedure Pulmonary Valve Regurgitation,TPVRPostEchoPulValveRegurg,CathTPVR,TPVRPostEchoPulValveRegurg,",CathTPVR.TPVRPostEchoPulValveRegurg"
12000,Follow-up Assessment Date,F_AssessmentDate,CathFollowUp,F_AssessmentDate,",CathFollowUp.F_AssessmentDate"
12001,Reference Procedure Start Date,RefProcStartDate,CathFollowUpAssn,CathID,",CathFollowUpAssn.CathID"
12002,Reference Procedure Start Time,RefProcStartTime,CathFollowUpAssn,CathID,",CathFollowUpAssn.CathID"
12005,Follow-up Status Method - Office Visit,F_Method_Office,CathFollowUp,F_Method_Office,",CathFollowUp.F_Method_Office"
12006,Follow-up Status Method - Medical Records,F_Method_MedRecord,CathFollowUp,F_Method_MedRecord,",CathFollowUp.F_Method_MedRecord"
12007,Follow-up Status Method - Letter from Medical Provider,F_Method_MedProvider,CathFollowUp,F_Method_MedProvider,",CathFollowUp.F_Method_MedProvider"
12008,Follow-up Status Method - Phone call,F_Method_Phone,CathFollowUp,F_Method_Phone,",CathFollowUp.F_Method_Phone"
12009,Follow-up Status Method - Social Security Death Master File,F_Method_SSFile,CathFollowUp,F_Method_SSFile,",CathFollowUp.F_Method_SSFile"
12010,Follow-up Status Method - Hospitalized,F_Method_Hospital,CathFollowUp,F_Method_Hospital,",CathFollowUp.F_Method_Hospital"
12011,Follow-up Status Method - Other,F_Method_Other,CathFollowUp,F_Method_Other,",CathFollowUp.F_Method_Other"
12015,Follow-up Status,F_Status,CathFollowUp,F_Status,",CathFollowUp.F_Status"
12020,Follow-up Date of Death,F_DeathDate,CathFollowUp,F_DeathDate,",CathFollowUp.F_DeathDate"
12025,Follow-Up Cause of Death,F_DeathCause,CathFollowUp,F_DeathCause,",CathFollowUp.F_DeathCause"
12030,Follow-up Readmitted,F_Readmitted,CathFollowUp,F_Readmitted,",CathFollowUp.F_Readmitted"
12031,Follow-up Readmission Length of Stay,F_ReadmissionLOS,CathFollowUp,F_ReadmissionLOS,",CathFollowUp.F_ReadmissionLOS"
12032,Follow-up Readmission Date,F_ReadmissionDate,CathFollowUp,F_ReadmissionDate,",CathFollowUp.F_ReadmissionDate"
12033,Follow-up Hospitalized,F_Hosp,CathFollowUp,F_Hosp,",CathFollowUp.F_Hosp"
12040,Follow-up ASD Erosion,F_ASDErosion,CathFollowUp,F_ASDErosion,",CathFollowUp.F_ASDErosion"
12045,Follow-up ASD Device Embolization,F_ASDDeviceEmbol,CathFollowUp,F_ASDDeviceEmbol,",CathFollowUp.F_ASDDeviceEmbol"
12046,Follow-up ASD Retrieved via Catheterization,F_ASDRetrieveCath,CathFollowUp,F_ASDRetrieveCath,",CathFollowUp.F_ASDRetrieveCath"
12047,Follow-up ASD Retrieved via Surgery,F_ASDRetrieveSurgery,CathFollowUp,F_ASDRetrieveSurgery,",CathFollowUp.F_ASDRetrieveSurgery"
12050,Follow-up ASD Endocarditis,F_ASDEndocarditis,CathFollowUp,F_ASDEndocarditis,",CathFollowUp.F_ASDEndocarditis"
12051,Follow-up ASD Date of Endocarditis Diagnosis,F_ASDEndocarditisDxDate,CathFollowUp,F_ASDEndocarditisDxDate,",CathFollowUp.F_ASDEndocarditisDxDate"
12052,Follow-up ASD Predisposing Factors for Endocarditis,F_ASDEndocarditisFactors,CathFollowUp,F_ASDEndocarditisFactors,",CathFollowUp.F_ASDEndocarditisFactors"
12053,Follow-up ASD Treatment,F_ASDRx,CathFollowUp,F_ASDRx,",CathFollowUp.F_ASDRx"
12055,Follow-up ASD Residual Shunt Size,F_ASDResShunt,CathFollowUp,F_ASDResShunt,",CathFollowUp.F_ASDResShunt"
12060,Follow-up Symptom Severity Survey (SSS) Q1,F_SSSQ1,CathFollowUp,F_SSSQ1,",CathFollowUp.F_SSSQ1"
12061,Follow-up Symptom Severity Survey (SSS) Q2,F_SSSQ2,CathFollowUp,F_SSSQ2,",CathFollowUp.F_SSSQ2"
12062,Follow-up Symptom Severity Survey (SSS) Q3,F_SSSQ3,CathFollowUp,F_SSSQ3,",CathFollowUp.F_SSSQ3"
12063,Follow-up Symptom Severity Survey (SSS) Q4,F_SSSQ4,CathFollowUp,F_SSSQ4,",CathFollowUp.F_SSSQ4"
12064,Follow-up Symptom Severity Survey (SSS) Q5,F_SSSQ5,CathFollowUpSSSQ5,SSSQ5,",CathFollowUpSSSQ5.SSSQ5"
12065,Follow-up Symptom Severity Survey (SSS) Q6,F_SSSQ6,CathFollowUp,F_SSSQ6,",CathFollowUp.F_SSSQ6"
12066,Follow-up Symptom Severity Survey (SSS) Q7,F_SSSQ7,CathFollowUp,F_SSSQ7,",CathFollowUp.F_SSSQ7"
12070,Follow-up Transcatheter Pulmonary Valve (TPV) still in place,F_TPVInPlace,CathFollowUp,F_TPVInPlace,",CathFollowUp.F_TPVInPlace"
12071,Follow-up Reason TPV is not still in place,F_TPVPertubationReason,CathFollowUp,F_TPVPertubationReason,",CathFollowUp.F_TPVPertubationReason"
12075,Follow-up TPV Reintervention,F_TPVReintervention,CathFollowUp,F_TPVReintervention,",CathFollowUp.F_TPVReintervention"
12076,Follow-up TPV Surgical Reintervention,F_TPVSurgReinter,CathFollowUp,F_TPVSurgReinter,",CathFollowUp.F_TPVSurgReinter"
12077,Follow-up TPV Surgical Reintervention Date,F_TPVSurgReinterDate,CathFollowUp,F_TPVSurgReinterDate,",CathFollowUp.F_TPVSurgReinterDate"
12078,Follow-up TPV Catheter Reintervention,F_TPVCathReinter,CathFollowUp,F_TPVCathReinter,",CathFollowUp.F_TPVCathReinter"
12079,Follow-up TPV Catheter Reintervention Date,F_TPVCathReinterDate,CathFollowUp,F_TPVCathReinterDate,",CathFollowUp.F_TPVCathReinterDate"
12080,Follow-up Reason for TPV Reintervention,F_TPVReinterReason,CathFollowUp,F_TPVReinterReason,",CathFollowUp.F_TPVReinterReason"
12090,Follow-up TPV Endocarditis,F_TPVEndocarditis,CathFollowUp,F_TPVEndocarditis,",CathFollowUp.F_TPVEndocarditis"
12091,Follow-up Endocarditis Diagnosis Date,F_TPVEndocarditisDxDate,CathFollowUp,F_TPVEndocarditisDxDate,",CathFollowUp.F_TPVEndocarditisDxDate"
12092,Follow-up Predisposing Factors for Endocarditis,F_TPVEndocarditisFactors,CathFollowUp,F_TPVEndocarditisFactors,",CathFollowUp.F_TPVEndocarditisFactors"
12093,Follow-up Endocarditis Treatment,F_TPVEndocarditisRx,CathFollowUp,F_TPVEndocarditisRx,",CathFollowUp.F_TPVEndocarditisRx"
12100,Follow-up Mean gradient across valve/conduit,F_TPVMeanValveGradient,CathFollowUp,F_TPVMeanValveGradient,",CathFollowUp.F_TPVMeanValveGradient"
12105,Follow-up Maximum gradient across valve/conduit,F_TPVMaxValveGradient,CathFollowUp,F_TPVMaxValveGradient,",CathFollowUp.F_TPVMaxValveGradient"
12110,Follow-up Pulmonary Valve Regurgitation,F_TPVPulValveRegurg,CathFollowUp,F_TPVPulValveRegurg,",CathFollowUp.F_TPVPulValveRegurg"
SeqNo,FieldName,ShortName,CATblName,CAFldName,",CATblName.CAFldName"
